grupo,material,normas
AÇO,"VERGALHAO CA50 12,50MM BR 12M NBR7480",NBR 7480
AÇO,"VERGALHAO CA50 6,30MM BR 12M NBR7480",NBR 7480
AÇO,"VERGALHAO CA50 8,00MM BR 12M NBR7480",NBR 7480
AÇO,"VERGALHAO CA50 16,00MM BR 12M NBR7480",NBR 7480
AÇO,"VERGALHAO CA50 10,00MM BR 12M NBR7480",NBR 7480
AÇO,PREGO C/ CABEÇA 17X21- NBR 6627,NBR 6627
AÇO,"VERGALHAO CA50 20,00MM BR 12M NBR7480",NBR 7480
AÇO,"VERGALHAO CA60 5,00MM BR 12M NBR7480",NBR 7480
AÇO,"VERGALHAO CA50 6,30MM BR 12M NBR7480 - 299,88 KG",NBR 7480
AÇO,"VERGALHAO CA50 6,30MM BR 12M NBR7480 - 105,84KG",NBR 7480
AÇO,"VERGALHAO CA50 16,00MM BR 12M NBR7480 - 2651,04KG",NBR 7480
AÇO,"VERGALHAO CA50 20,00MM BR 12M NBR7480 - 680,57KG",NBR 7480
AÇO,"VERGALHAO CA50 25,00MM BR 12M NBR7480",NBR 7480
AÇO,"VERGALHAO CA50 20,00MM BR 12M NBR7480 - 2012KG",NBR 7480
AÇO,"VERGALHAO CA50 6,30MM BR 12M NBR7480 - 1103KG",NBR 7480
AÇO,"VERGALHAO CA50 12,50MM BR 12M NBR7480 - 1006KG",NBR 7480
AÇO,"VERGALHAO CA50 6,30MM BR 12M NBR7480 - 6037 KG",NBR 7480
AÇO,"VERGALHAO CA50 16,00MM BR 12M NBR7480 - 3825,072 KG",NBR 7480
AÇO,"VERGALHAO CA50 16,00MM BR 12M NBR7480 - 2442,744 KG",NBR 7480
AÇO,"VERGALHAO CA50 8,00MM BR 12M NBR7480 - 402,90 KG",NBR 7480
AÇO,"VERGALHAO CA50 6,30MM BR 12M NBR7480 - 399,84 KG",NBR 7480
AÇO,"VERGALHAO CA50 8,00MM BR 12M NBR7480 - 94,80 KG",NBR 7480
AÇO,"VERGALHAO CA50 12,50MM BR 12M NBR7480 - 358,5460",NBR 7480
AÇO,"VERGALHAO CA50 16,00MM BR 12M NBR7480 - 3.825,072 KG",NBR 7480
AÇO,"VERGALHAO CA50 25,00MM NBR7480 - CD",NBR 7480
AÇO,INDUSTRIALIZAÇÃO NBR7480 - CDI,NBR 7480
AÇO,"VERGALHAO CA50 6,3MM NBR7480 - ROLO SOLDAVEL - 4080KG",NBR 7480
AÇO,"VERGALHAO CA50 10,0MM NBR7480 - ROLO SOLDAVEL - 2030KG",NBR 7480
AÇO,"VERGALHAO CA50 12,5MM NBR7480 - ROLO SOLDAVEL - 4034KG",NBR 7480
AÇO,"VERGALHAO CA50 20,0MM NBR7480 - 12M RETO - 2024KG",NBR 7480
AÇO,"VERGALHAO CA50 25,0MM NBR7480 - 12M RETO - 2072KG",NBR 7480
AÇO,"VERGALHAO CA60 5,00MM 12M NBR7480 - 27KG",NBR 7480
AÇO,INDUSTRIALIZAÇAO NBR7480 CDI,NBR 7480
AÇO,"VERGALHAO CA50 8,00MM 12M NBR7480 - 4078KG",NBR 7480
AÇO,INDUSTRIALIZAÇAO NBR7480,NBR 7480
AÇO,"VERGALHAO CA50 25,00MM BR 12M NBR7480 - 462,30 KG",NBR 7480
AÇO,"VERGALHAO CA50 20,00MM BR 12M NBR7480 - 1035,65 KG",NBR 7480
AÇO,"VERGALHAO CA50 12,50MM BR 12M NBR7480 - 2660,18",NBR 7480
AÇO,"VERGALHAO CA50 10,00MM BR 12M NBR7480 - 607,1280 KG",NBR 7480
AÇO,"VERGALHAO CA60 5,00MM BR 12M NBR7480 - 463,8480 KG",NBR 7480
AÇO,"VERGALHAO CA50 6,30MM BR 12M NBR7480 - 396,90 KG",NBR 7480
BLOCO CERAMICO,BLOCO CERAMICO VAZADO DE VEDAÇAO 19X19X29CM NBR15270-1,NBR 15270
BLOCO CONCRETO,"BLOCO DE CONCRETO ESTRUTURAL 14X19X39CM 14,0MPA NBR6136",NBR 6136
BLOCO CONCRETO,"BLOCO DE CONCRETO VAZADO DE VEDAÇAO 14X19X39CM 3,0MPA NBR6136",NBR 6136
BLOCO CONCRETO,"BLOCO DE CONCRETO ESTRUTURAL 14X19X39CM 12,0MPA NBR6136",NBR 6136
BLOCO CONCRETO,"BLOCO DE CONCRETO ESTRUTURAL 14X19X34CM 14,0MPA NBR6136",NBR 6136
BLOCO CONCRETO,"CANALETA DE CONCRETO TIPO U 14X19X39CM 12,0MPA NBR9062",NBR 9062
BLOCO CONCRETO,"CANALETA DE CONCRETO TIPO J 14X19X19X31 14,0MPA NBR9062",NBR 9062
BLOCO CONCRETO,"BLOCO DE CONCRETO ESTRUTURAL 14X19X19CM 14,0MPA NBR6136",NBR 6136
BLOCO CONCRETO,"CANALETA DE CONCRETO TIPO U 14X19X39CM 14,0MPA NBR9062",NBR 9062
BLOCO CONCRETO,"CANALETA DE CONCRETO TIPO J 14X19X19X31 12,0MPA NBR9062",NBR 9062
BLOCO CONCRETO,"BLOCO DE CONCRETO ESTRUTURAL 14X19X54CM 12,0MPA NBR6136",NBR 6136
BLOCO CONCRETO,"BLOCO DE CONCRETO VAZADO DE VEDAÇAO 19X19X39CM 3,0MPA NBR6136",NBR 6136
BLOCO CONCRETO,"BLOCO DE CONCRETO ESTRUTURAL 14X19X09CM 12,0MPA NBR6136",NBR 6136
BLOCO CONCRETO,"CANALETA DE CONCRETO TIPO U 14X19X39CM 4,5MPA NBR9062",NBR 9062
BLOCO CONCRETO,"BLOCO DE CONCRETO ESTRUTURAL 14X19X44CM 14,0MPA NBR6136",NBR 6136
BLOCO CONCRETO,"BLOCO DE CONCRETO ESTRUTURAL 14X19X29CM 14,0MPA NBR6136",NBR 6136
BLOCO CONCRETO,"BLOCO DE CONCRETO ESTRUTURAL 19X19X39CM 12,0MPA NBR6136",NBR 6136
BLOCO CONCRETO,"BLOCO DE CONCRETO ESTRUTURAL 19X19X19CM 4,5MPA NBR6136",NBR 6136
BLOCO CONCRETO,"BLOCO DE CONCRETO VAZADO DE VEDAÇAO 14X19X39CM 3,0MPA NBR6136 - 864 UNID.",NBR 6136
BLOCO CONCRETO,"BLOCO DE CONCRETO ESTRUTURAL 14X19X34CM 4,5MPA NBR6136",NBR 6136
BLOCO CONCRETO,"BLOCO DE CONCRETO ESTRUTURAL 14X19X54CM 14,0MPA NBR6136",NBR 6136
BLOCO CONCRETO,"BLOCO DE CONCRETO VAZADO DE VEDACAO 09X19X39CM 3,0MPA NBR6136",NBR 6136
BLOCO CONCRETO,"BLOCO DE CONCRETO ESTRUTURAL 14X19X09CM 14,0MPA NBR6136",NBR 6136
BLOCO CONCRETO,"BLOCO DE CONCRETO ESTRUTURAL 14X19X34CM 12,0MPA NBR6136",NBR 6136
BLOCO CONCRETO,"BLOCO DE CONCRETO ESTRUTURAL 19X19X39CM 12,0MPA NBR6136 - 500 UNID.",NBR 6136
BLOCO CONCRETO,"BLOCO DE CONCRETO ESTRUTURAL 14X19X14CM 14,0MPA NBR6136",NBR 6136
BLOCO CONCRETO,"CANALETA DE CONCRETO TIPO U 19X19X39 4,5MPA NBR9062",NBR 9062
BLOCO CONCRETO,"CANALETA DE CONCRETO TIPO U 14X19X19CM 12,0MPA NBR9062",NBR 9062
BLOCO CONCRETO,"CANALETA DE CONCRETO TIPO U 14X19X19CM 4,5MPA NBR6136",NBR 6136
BLOCO CONCRETO,"BLOCO DE CONCRETO ESTRUTURAL 19X19X19CM 12,0MPA NBR6136",NBR 6136
BLOCO CONCRETO,"BLOCO DE CONCRETO VAZADO DE VEDAÇAO 14X19X09CM 3,0MPA NBR6136",NBR 6136
BLOCO CONCRETO,"BLOCO DE CONCRETO ESTRUTURAL 19X19X39CM 4,5MPA NBR6136",NBR 6136
BLOCO CONCRETO,"BLOCO DE CONCRETO VAZADO DE VEDAÇAO 14X19X09CM 4,5MPA NBR6136",NBR 6136
BLOCO CONCRETO,"BLOCO DE CONCRETO ESTRUTURAL 14X19X39CM 12,0MPA NBR6136 - 720 UNID.",NBR 6136
BLOCO CONCRETO,"BLOCO DE CONCRETO ESTRUTURAL 14X19X39CM 12,0MPA NBR6136 - 280 UNID.",NBR 6136
BLOCO CONCRETO,"BLOCO DE CONCRETO VAZADO DE VEDAÇAO 14X19X19CM 3,0MPA NBR6136",NBR 6136
BLOCO CONCRETO,"BLOCO DE CONCRETO VAZADO DE VEDAÇAO 14X19X39CM 3,0MPA NBR6136 - 272 UNID.",NBR 6136
BLOCO CONCRETO,"CANALETA DE CONCRETO TIPO U 14X19X19CM 14,0MPA NBR9062",NBR 9062
BLOCO CONCRETO,"BLOCO DE CONCRETO ESTRUTURAL 14X19X14CM 12,0MPA NBR6136",NBR 6136
BLOCO CONCRETO,"BLOCO DE CONCRETO ESTRUTURAL 14X19X29CM 12,0MPA NBR6136",NBR 6136
BLOCO CONCRETO,"BLOCO DE CONCRETO ESTRUTURAL 14X19X19CM 12,0MPA NBR6136",NBR 6136
BLOCO CONCRETO,"BLOCO DE CONCRETO ESTRUTURAL 14X19X39CM 3,0MPA NBR6136",NBR 6136
CANTEIRO DE OBRAS,"ARAME RECOZIDO BWG18 1,24MM PG7 NBR7480 TRANÇADO",NBR 7480
CANTEIRO DE OBRAS,PREGO C/ CABEÇA 18X30 - NBR 6627,NBR 6627
CANTEIRO DE OBRAS,"ARAME RECOZIDO BWG10 3,4MM PG 18 NBR7480",NBR 7480
CANTEIRO DE OBRAS,THINNER 5L NBR15079,NBR 15079
CANTEIRO DE OBRAS,"ARAME RECOZIDO BWG18 1,24MM PG 7 NBR7480",NBR 7480
CANTEIRO DE OBRAS,PREGO C/ CABEÇA 15X15 NBR6627,NBR 6627
CANTEIRO DE OBRAS,"BLOCO DE CONCRETO ESTRUTURAL 14X19X39CM 10,0MPA NBR6136",NBR 6136
CANTEIRO DE OBRAS,"BLOCO DE CONCRETO ESTRUTURAL 14X19X19CM 10,0MPA NBR6136",NBR 6136
CANTEIRO DE OBRAS,"BLOCO DE CONCRETO ESTRUTURAL 14X19X54CM 10,0MPA NBR6136",NBR 6136
CANTEIRO DE OBRAS,"CANALETA DE CONCRETO TIPO U 14X19X19CM 10,0MPA NBR6062",NBR 6062
CANTEIRO DE OBRAS,"CANALETA DE CONCRETO TIPO J 14X19X19X31 10,0MPA NBR9062",NBR 9062
CANTEIRO DE OBRAS,"BLOCO DE CONCRETO ESTRUTURAL 14X19X14CM 10,0MPA NBR6136",NBR 6136
CANTEIRO DE OBRAS,"BLOCO DE CONCRETO ESTRUTURAL 14X19X09CM 10,0MPA NBR6136",NBR 6136
CANTEIRO DE OBRAS,"BLOCO DE CONCRETO ESTRUTURAL 14X19X34CM 10,0MPA NBR6136",NBR 6136
CIMENTICIOS,ARGAMASSA MULTIPLO USO CINZA SC 40KG NBR13281,NBR 13281
CIMENTICIOS,ARGAMASSA COLANTE AC III CINZA SC 20KG NBR14081,NBR 14081
CIMENTICIOS,CIMENTO CP III 32 RS CAMPEAO 50KG NBR16697,NBR 16697
CIMENTICIOS,CHAPISCO COLANTE SC 20KG NBR14081,NBR 14081
CIMENTICIOS,SUPERGRAUTE SC 25KG 50MPA NBR15049,NBR 15049
CIMENTICIOS,ARGAMASSA COLANTE AC II CINZA SC 20KG NBR14081,NBR 14081
CIMENTICIOS,ARGAMASSA COLANTE AC III BRANCA SC 20KG NBR14081,NBR 14081
CIMENTICIOS,CIMENTO CP II E32 SC 50KG NBR16697,NBR 16697
CIMENTICIOS,SUPERGRAUTE SC 25KG 50MPA NBR15094,NBR 15094
CIMENTICIOS,REJUNTE FLEXIVEL MARFIM NBR14992,NBR 14992
CIMENTICIOS,REJUNTE FLEXIVEL BRANCO NBR14992,NBR 14992
CIMENTICIOS,REJUNTE COR CORDA SC 30KG QUARTZOLIT NBR14992,NBR 14992
CIMENTICIOS,REJUNTE FLEXIVEL MARFIM QUARTZOLIT NBR14992 30KG,NBR 14992
CIMENTICIOS,REJUNTE FLEXIVEL YPE QUARTZOLIT NBR14992,NBR 14992
CIMENTICIOS,REJUNTE EPOXI MAXIMO CARIBE SEA 1KG NBR14992,NBR 14992
ELETRICO,MODULO INTERRUPTOR PARALELO 10A 250V NBR14136 E NM60884-1 - BRANCO - SIMON 30/35 - COD. 30201-30,NBR 14136
ELETRICO,"MANGUEIRA FLEXIVEL CORRUGADA AMARELA 3/4"" C/ 50M NBR15465",NBR 15465
ELETRICO,"MANGUEIRA FLEXIVEL CORRUGADA AMARELA 1"" C/ 25M NBR15465",NBR 15465
ELETRICO,"TOMADA LIZ 1T 2P+T 10A BR S/P 57115030 TRAMONTINA NBR 14136, NM 60884-1",NBR 14136
ELETRICO,"MANGUEIRA FLEXIVEL CORRUGADA AMARELA 3/4"" C/ 50M NBR15465 - 40 UNID.",NBR 15465
ELETRICO,"MANGUEIRA FLEXIVEL CORRUGADA AMARELA 1"" C/ 25M NBR15465 - 20 UNID.",NBR 15465
ELETRICO,"CABO DE COBRE NU 16MM 7FX1,7MM - NBR6524 - 30 UNID.",NBR 6524
ELETRICO,MODULO COMPLEMENTO CEGO NBR14136 E NM60884-1 - BRANCO - SIMON 30 - COD. 30800-30,NBR 14136
ELETRICO,PLUG MACHO PR 10A 2P+T NBR14136 TRAMONTINA - 20 UNID.,NBR 14136
ELETRICO,PLUG FEMEA PR 10A 2P+T NBR14136 TRAMONTINA - 20UNID.,NBR 14136
ELETRICO,"MANGUEIRA FLEXIVEL CORRUGADA AMARELA 1/2"" C/ 50M NBR15465",NBR 15465
ELETRICO,"INTERRUPTOR LIZ 1SS S/ PLACA 57115/001 TRAMONTINA NBR 14136, NM 60884-1",NBR 14136
ELETRICO,MODULO PULSADOR DE CAMPAINHA 10A 250V NBR14136 E NM60884-1 - BRANCO - SIMON 30 - COD. 30150-30,NBR 14136
ELETRICO,"CABO DE COBRE NU 16MM 7FX1,7MM - NBR6524 - 20M",NBR 6524
ELETRICO,PLUG MACHO PR 10A 2P+T NBR14136 - 20 UNID.,NBR 14136
ELETRICO,PLUG FEMEA PR 10A 2P+T NBR14136 - 20 UNID.,NBR 14136
ELETRICO,"MANGUEIRA FLEXIVEL CORRUGADA AMARELA 3/4"" C/ 50M NBR15465 - 3 UNID.",NBR 15465
ELETRICO,"MANGUEIRA FLEXIVEL CORRUGADA AMARELA 3/4"" C/ 50M NBR15465 - 20 RL",NBR 15465
ELETRICO,"MANGUEIRA FLEXIVEL CORRUGADA AMARELA 1"" C/ 25M NBR15465 - 15 RL",NBR 15465
ELETRICO,"CABO DE COBRE NU 35MM 7FX2,5MM - NBR6524 - 64M",NBR 6524
ELETRICO,MODULO COMPLEMENTO SAIDA DE FIO NBR14136 E NM60884-1 - BRANCO - SIMON 30 - COD. 30801-30,NBR 14136
ELETRICO,"MANGUEIRA FLEXIVEL CORRUGADA AMARELA 1/2"" C/ 50M NBR15465 - 1",NBR 15465
ELETRICO,PLUG MACHO PR 10A 2P+T NBR14136,NBR 14136
ELETRICO,PLUG FEMEA PR 10A 2P+T NBR14136,NBR 14136
GESSO,GESSO LENTO EM PO SC 40KG NBR13207,NBR 13207
GESSO,"PLACA DE GESSO CHATA ST 1,20X1,80 NBR12775",NBR 12775
GESSO,"PLACA DE GESSO VERDE RU 1,20MX1,80M NBR 14715-1, NBR 14715-2",NBR 14715
GESSO,"PLACA DE GESSO BRANCA 2,00MX0,60CM NBR12775",NBR 12775
GESSO,"PLACA DE GESSO RESISTENTE A FOGO 1,20MX1,80M 12,5MM NBR 14715-1, NBR 14715-2",NBR 14715
HIDRAULICO,TUBO DE PVC SOLDAVEL DE 25MM X 6M NBR5648,NBR 5648
HIDRAULICO,ANEL DE BORRACHA ESGOTO 100MM NBR5688,NBR 5688
HIDRAULICO,TUBO DE PVC SOLDAVEL DE 20MM X 6M NBR5648,NBR 5648
HIDRAULICO,JOELHO ESGOTO 90 X 40MM NBR5688,NBR 5688
HIDRAULICO,JOELHO 90 C/ ANEL 40MM ESGOTO NBR5688,NBR 5688
HIDRAULICO,TUBO PVC ESGOTO 100MM X 6M NBR5648,NBR 5648
HIDRAULICO,ANEL DE BORRACHA ESGOTO 50MM NBR5688,NBR 5688
HIDRAULICO,JOELHO ESGOTO 45 X 100MM NBR5688,NBR 5688
HIDRAULICO,"JOELHO 90 SOLDAVEL BUCHA LATAO 20MM X 1/2"" NBR5688",NBR 5688
HIDRAULICO,JOELHO 90 SOLDAVEL DE 25MM NBR5688,NBR 5688
HIDRAULICO,CORPO CAIXA SIFONADA DE 150 X 150 X 50MM N5 NBR5688,NBR 5688
HIDRAULICO,MICTORIO SIFONADO BRANCO CELITE- NBR 15097,NBR 15097
HIDRAULICO,LUVA DE CORRER ESGOTO 150MM NBR5688 TIGRE,NBR 5688
HIDRAULICO,LUVA DE CORRER ESGOTO 100MM NBR5688 TIGRE,NBR 5688
HIDRAULICO,JOELHO ESGOTO 45 X 40MM NBR5688,NBR 5688
HIDRAULICO,"BUJAO BR A 1/2"" NBR5688",NBR 5688
HIDRAULICO,CONECTOR AQUATHERM MACHO 22MM X 3/4'' TIGRE NBR15884-2,NBR 15884
HIDRAULICO,JUNÇAO ESGOTO SIMPLES 100MM X 50MM NBR 5688,NBR 5688
HIDRAULICO,TUBO AQUATHERM 42MM X 3M TIGRE NBR15884-2,NBR 15884
HIDRAULICO,"REGISTRO DE GAVETA BRUTO 1.1/2"" NBR15705",NBR 15705
HIDRAULICO,JOELHO AQUATHERM 45 X 42MM TIGRE NBR5688,NBR 5688
HIDRAULICO,JOELHO AQUATHERM 90 X 42MM TIGRE NBR15884-2,NBR 15884
HIDRAULICO,JOELHO ESGOTO 90 X 100MM NBR5688,NBR 5688
HIDRAULICO,LUVA ESGOTO SIMPLES 100MM NBR5688,NBR 5688
HIDRAULICO,JOELHO SOLDAVEL 90 X 25MM NBR5688,NBR 5688
HIDRAULICO,JOELHO SOLDAVEL 45 X 20MM NBR5688,NBR 5688
HIDRAULICO,"ADAPTADOR SOLDAVEL CURTO 50MM X 1.1/2"" NBR5688",NBR 5688
HIDRAULICO,TUBO DE PVC SOLDÁVEL DE 50MM X 6M NBR5648,NBR 5648
HIDRAULICO,JOELHO 45 SOLDAVEL DE 25MM NBR5688,NBR 5688
HIDRAULICO,JOELHO ESGOTO 45 X 50MM NBR5688,NBR 5688
HIDRAULICO,JUNÇAO SIMPLES PVC ESGOTO 50MM NBR5688,NBR 5688
HIDRAULICO,JOELHO AQUATHERM 90 X 15MM TIGRE NBR15884,NBR 15884
HIDRAULICO,TÊ SOLDAVEL 90 X 20MM NBR5688,NBR 5688
HIDRAULICO,TUBO AQUATHERM 22MM X 3M TIGRE NBR1558,NBR 1558
HIDRAULICO,"VALVULA RETENÇÃO HORIZONTAL 1.1/2"" NBR15705",NBR 15705
HIDRAULICO,CONECTOR AQUATHERM 28MM X 1'' TIGRE MACHO NBR15884-2,NBR 15884
HIDRAULICO,CONECTOR AQUATHERM 42MM X 1.1/2'' TIGRE MACHO NBR15884-2,NBR 15884
HIDRAULICO,BUCHA AQUATHERM 42MM X 28MM TIGRE NBR15884-2,NBR 15884
HIDRAULICO,UNIAO AQUATHERM 42MM NBR15884-2 TIGRE,NBR 15884
HIDRAULICO,TE AQUATHERM 90 X 42MM TIGRE NBR5688,NBR 5688
HIDRAULICO,REDUÇAO ESGOTO 50MMX40MM NBR5688,NBR 5688
HIDRAULICO,ANEL DE BORRACHA ESGOTO 150MM NBR5688,NBR 5688
HIDRAULICO,LUVA AQUATHERM 42MM NBR5688 TIGRE,NBR 5688
HIDRAULICO,LUVA ESGOTO SIMPLES 50MM NBR5688,NBR 5688
HIDRAULICO,REGISTRO ESFERA PVC SOLDAVEL A SIMPLES 20MM NBR5688 TIGRE,NBR 5688
HIDRAULICO,JOELHO SOLDAVEL 90 X 20MM NBR5688,NBR 5688
HIDRAULICO,JOELHO SOLDAVEL 45 X 25MM NBR5688,NBR 5688
HIDRAULICO,LAVATORIO SUSPENSO G 425X365 FCSL BRANCO NBR 1597 CELITE,NBR 1597
HIDRAULICO,BACIA ACOPLAR ACESSO CONFORT BRANCO S/ABERTURA NBR15097,NBR 15097
HIDRAULICO,CAIXA P 3/6 LTS AZA/ACE/ECO/SAV BR NBR 15097,NBR 15097
HIDRAULICO,TOR LAV ME ALAV NOVA BENEFIT CR NBR 10281,NBR 10281
HIDRAULICO,"REGISTRO DE GAVETA BRUTO 2.1/2"" NBR15705",NBR 15705
HIDRAULICO,"ADAPTADOR SOLDAVEL CURTO 75MM X 2.1/2"" NBR5688",NBR 5688
HIDRAULICO,JOELHO ESGOTO 45 X 200MM NBR5688,NBR 5688
HIDRAULICO,REDUÇAO ESGOTO 200 X 100MM NBR5688,NBR 5688
HIDRAULICO,JUNÇAO ESGOTO SIMPLES 100MM X 50MM NBR5688,NBR 5688
HIDRAULICO,TUBO ESGOTO 100MM X 6M NBR5648,NBR 5648
HIDRAULICO,ANEL DE BORRACHA ESGOTO 75MM NBR5688,NBR 5688
HIDRAULICO,TUBO DE PVC SOLDAVEL 20MM X 6M NBR5648,NBR 5648
HIDRAULICO,LUVA SIMPLES ESGOTO 50MM NBR5688,NBR 5688
HIDRAULICO,"BASE REGISTRO DE GAVETA 3/4"" NBR15705",NBR 15705
HIDRAULICO,"BASE REGISTRO DE PRESSAO 3/4"" NBR15705",NBR 15705
HIDRAULICO,"BASE REGISTRO DE PRESSAO 3/4"" NBR15704-1",NBR 15704
HIDRAULICO,"ADAPTADOR SOLDAVEL CURTO 25MM X 3/4"" NBR5688",NBR 5688
HIDRAULICO,"LUVA BUCHA LATAO 25MM X 3/4"" NBR5688",NBR 5688
HIDRAULICO,JOELHO 90 SOLDAVEL BUCHA LATAO 25MM X 1/2'' NBR5688,NBR 5688
HIDRAULICO,LUVA SOLDAVEL DE 25MM NBR5688,NBR 5688
HIDRAULICO,TE SOLDAVEL 90 X 25MM NBR5688,NBR 5688
HIDRAULICO,JOELHO 90 SOLDAVEL BUCHA LATAO 25MM X 3/4'' NBR5688,NBR 5688
HIDRAULICO,LUVA AQUATHERM 15MM NBR15884-2,NBR 15884
HIDRAULICO,LUVA AQUATHERM 28MM NBR5688 TIGRE,NBR 5688
HIDRAULICO,BUCHA DE REDUÇAO SOLDAVEL CURTA DE 25 X 20MM NBR5688,NBR 5688
HIDRAULICO,CURVA 90 LONGA ESG 100MM CB NBR5688,NBR 5688
HIDRAULICO,TERMINAL DE VENTILAÇAO DE 100MM NBR5688,NBR 5688
HIDRAULICO,BACIA CONVENCIONAL SAVEIRO BRANCO CELITE - NBR 15097,NBR 15097
HIDRAULICO,TUBO GALVANIZADA ABNT NBR 5580 L 3/4'' APOLO,NBR 5580
HIDRAULICO,TÊ SOLDAVEL REDUÇAO 50MM X 25MM NBR5688,NBR 5688
HIDRAULICO,JOELHO AQUATHERM 90 X 28MM TIGRE NBR15884-2,NBR 15884
IMPERMEABILIZANTES,"VIAPLUS 1000 18KG NBR 11.905, NBR 9575:2010, NBR 9574:2008",NBR 9574 | NBR 9575
IMPERMEABILIZANTES,"VIAPLUS 5000 18KG NBR 11.905, NBR 9575:2010, NBR 9574:2008",NBR 9574 | NBR 9575
IMPERMEABILIZANTES,"VIAPLUS 7000 18KG NBR 11.905, NBR 9575:2010, NBR 9574:2008",NBR 9574 | NBR 9575
INCENDIO,EXTINTOR DE INCENDIO TIPO PQS ABC 6KG 4A 40BC NBR10721,NBR 10721
INCENDIO,"CONTRAMARCO P/ PCF, C/ VAO DE LUZ MINIMO 80CM, 0,905X2,120 DE ACORDO C/ A NBR11742 DA ABNT, P-90 C/ FURO DOS DOIS LADOS",NBR 11742
MADEIRAS,PONTALETE DE PINUS 7CMX7CMX3M NBR11700,NBR 11700
MADEIRAS,"MADEIRITE PLASTIFICADO 2,20X1,10X19MM NBR1096",NBR 1096
MADEIRAS,"TABUA DE PINUS 15CMX3MX2,5 ESPESSURA NBR11700",NBR 11700
MADEIRAS,"TABUA DE PINUS 30CMX3MX2,5 ESPESSURA NBR11700",NBR 11700
MADEIRAS,"TABUA DE PINUS 20CMX3MX2,5 ESPESSURA NBR11700",NBR 11700
MADEIRAS,"MADEIRITE PLASTIFICADO 2,20X1,10X14MM NBR1096",NBR 1096
MADEIRAS,PEÇA DE PARAJU 12CMX6CMX6M NBR11700,NBR 11700
MADEIRAS,PONTALETE DE PINUS 7CMX7CMX3M NBR11700 - 300 UNID.,NBR 11700
MADEIRAS,"MADEIRITE PLASTIFICADO 2,20X1,10X18MM NBR1096",NBR 1096
MADEIRAS,"PONTALETE DE PINUS 7,5CMX7,5CMX3M NBR11700",NBR 11700
MADEIRAS,"SARRAFO 10CMX3MX2,5 ESPESSURA NBR11700",NBR 11700
MADEIRAS,"MADEIRITE PLASTIFICADO 2,20X1,10X19MM NBR1096 - 500 UNID.",NBR 1096
MADEIRAS,PONTALETE DE PINUS 7CMX7CMX3M NBR11700 - 400 UNID.,NBR 11700
MADEIRAS,"TABUA DE PINUS 30CMX3MX2,5 ESPESSURA NBR11700 - 150 UNID.",NBR 11700
MADEIRAS,"MADEIRITE PLASTIFICADO 2,20X1,10X19MM NBR1096 - 200 UNID.",NBR 1096
MADEIRAS,"TABUA DE PINUS 15CMX3MX2,5 ESPESSURA NBR11700 - 100 UNID.",NBR 11700
MADEIRAS,PEÇA DE PARAJU 12CMX6CMX3M NBR11700,NBR 11700
MADEIRAS,PEÇA DE PARAJU 12CMX6CMX4M NBR11700,NBR 11700
MADEIRAS,"PARAJU 10CM X 5CM X 3,0M AP NBR11700 - 26 UNID.",NBR 11700
MADEIRAS,"PARAJU 6CM X 5CM C/ 4,5M AP NBR11700 - 13 UNID.",NBR 11700
MADEIRAS,SARRAFO PINUS 7CM C/ 3M NBR11700 - 200 UNID.,NBR 11700
MADEIRAS,"MADEIRITE PLASTIFICADO 2,20X1,10X20MM NBR1096 - 200 UNID.",NBR 1096
MADEIRAS,"MADEIRITE PLASTIFICADO 2,20X1,10X12MM NBR1096",NBR 1096
MADEIRAS,PEÇA PARAJU 30X6 C/ 4M NBR11700,NBR 11700
MADEIRAS,"MADEIRITE PLASTIFICADO 2,20X1,10X25MM NBR1096",NBR 1096
MADEIRAS,SARRAFO PINUS 7CM C/ 3M NBR11700,NBR 11700
MADEIRAS,PARAJU 13CM X 6CM X 4M AP NBR11700,NBR 11700
PINTURA,"TINTA ESMALTE SINTETICO BRILHANTE VERDE FOLHA 3,6L NBR15079",NBR 15079
PINTURA,"TINTA ESMALTE SINTETICO PRETO BRILHANTE 3,6L NBR15079",NBR 15079
PINTURA,THINNER 18L NBR15079,NBR 15079
PINTURA,TINTA ACRILICA PISO VERDE 18L NBR15079 SUVINIL,NBR 15079
PINTURA,MASSA CORRIDA PVA 18L NBR15348 - 100 LT,NBR 15348
PINTURA,MASSA CORRIDA PVA 18L / 25KG NBR15348 - 100LT,NBR 15348
PINTURA,TINTA ACRILICA FOSCO COMPLETO COR PENA DE PRATA 16L SUVINIL NBR15079,NBR 15079
PINTURA,TINTA ACRÍLICA PREMIUM AZUL DEL REY FOSCO 16L NBR15079,NBR 15079
PINTURA,TINTA ACRILICA STANDARD COR ELEFANTE FOSCO 18L NBR15079 - 8 UNID,NBR 15079
PINTURA,TINTA ACRÍLICA PREMIUM AZUL DEL REY FOSCO 16L NBR15079 - 01 UNID,NBR 15079
PINTURA,"TINTA ESMALTE SINTETICO ACETINADO AZUL DEL REY 3,6L NBR15079 - 5 UNID",NBR 15079
PINTURA,"TINTA ESMALTE COR ELEFANTE ACETINADO 3,2L NBR15079 - 15 UNID",NBR 15079
PINTURA,TINTA ACRILICA PROCRAFT PISO CINZA FOSCO 18L NBR15079 - 4 UNID,NBR 15079
PINTURA,TINTA SUVINIL CONSTRUÇOES ACRILICO FOSCO STANDARD EXTERIOR/INTERIOR COR BRANCO 18L NBR15079,NBR 15079
PINTURA,TINTA SUVINIL CONSTRUÇOES ACRILICO FOSCO PREMIUM EXTERIOR/INTERIOR COR BRANCO GELO 18L NBR15079,NBR 15079
PINTURA,"TINTA ESMALTE SINTETICO BRILHANTE AZUL DEL REY 3,6L NBR15079",NBR 15079
PINTURA,"TINTA ESMALTE SINTETICO CINZA MEDIO BRILHANTE 3,6L NBR15079",NBR 15079
PINTURA,"TINTA ESMALTE SINTETICO BRILHANTE MARROM 3,6L NBR15079 SHERWIN WILLIAMS",NBR 15079
PINTURA,TINTA ACRILICA PREMIUM FOSCO SW7015 CINZA TRANQUILO 16L SHERWIN WILLIAMS NBR15079,NBR 15079
PINTURA,TINTA ACRILICA SUVINIL PREMIUM PISO PRETA 18L NBR15079,NBR 15079
PINTURA,TINTA ACRILICA PISO AZUL SUVINIL 18L NBR15079,NBR 15079
PINTURA,MASSA CORRIDA PVA 18L / 25KG NBR15348,NBR 15348
PINTURA,"TINTA ESMALTE SINTETICO BRILHANTE LARANJA 3,6L NBR15079",NBR 15079
PINTURA,"TINTA ESMALTE SINTETICO BRILHANTE PRETO 3,6L NBR15079",NBR 15079
PINTURA,"TINTA ESMALTE SINTETICO BRILHANTE AMARELO OURO 3,6L NBR15079",NBR 15079
PINTURA,"TINTA ESMALTE SINTETICO BRILHANTE VERMELHO 3,6L NBR15079",NBR 15079
PINTURA,"TINTA ESMALTE SINTETICO BRANCO BRILHANTE 3,6L NBR15079",NBR 15079
PINTURA,TINTA ACRILICA PROCRAFT PISO PREMIUM PRETO FOSCO 18L - NBR15079 SHERWIN WILLIANS,NBR 15079
PINTURA,"TINTA ESMALTE ACETINADO CINZA 3,2L NBR15079",NBR 15079
PINTURA,"TINTA ESMALTE ACETINADO AMARELO 3,2L NBR15079",NBR 15079
PINTURA,TINTA PERMACRYL MICRO BD 25KG COR: RIGA MINIMO NBR15079,NBR 15079
PINTURA,TINTA PERMACRYL MICRO BD 25KG COR: ADELAIDE CLARO NBR15079,NBR 15079
PINTURA,TINTA PERMACRYL MICRO BD 25KG COR: LUGANO CLARO NBR15079,NBR 15079
PINTURA,TINTA PERMACRYL MICRO BD 25KG COR: BRANCO BRANCO NBR15079,NBR 15079
PINTURA,TINTA ACRILICA COR BRANCO FOSCO PROCRAFT PREMIUM 18L SHERWIN WILLIAMS NBR15079,NBR 15079
PINTURA,TINTA ACRILICA PROCRAFT PREMIUM BRANCO GELO FOSCO 18L NBR15079,NBR 15079
PINTURA,"TINTA ACRILICA VERMELHO SEGURANÇA 3,6L NBR15079",NBR 15079
PINTURA,TINTA ACRILICA SUVINIL BRANCO RENDE E COBRE MUITO -18L NBR15079,NBR 15079
PINTURA,TINTA ACRILICO FOSCO INOVA SUPERLAVÁVEL SEMPRE LIMPO COR ALGODÃO EGIPCIO 18L NBR15079 - 15LT,NBR 15079
PINTURA,TINTA ACRILICO FOSCO INOVA SUPERLAVÁVEL SEMPRE LIMPO COR ALGODÃO EGIPCIO 18L NBR15079 - 15 LT,NBR 15079
PINTURA,CORAL DECORA EFEITO VELVET BASE 2.1L CINZA DE GRIFE NBR15079,NBR 15079
PINTURA,"TINTA EPÓXI AZUL DEL REY + CATALISADOR 3,6 LTS BEMA NBR15079",NBR 15079
PINTURA,"TINTA BEMA EPOXI CINZA MEDIO + CATALIZADOR GL 3,6L NBR15079",NBR 15079
PINTURA,"TINTA ESMALTE SINTETICO ACETINADO BRANCO 3,6L NBR15079",NBR 15079
PINTURA,"TINTA ESMALTE SINTETICO GRAFITE CLARO ACETINADO 3,6L NBR15079",NBR 15079
PINTURA,TINTA ACRILICA STANDARD COR ELEFANTE FOSCO 18L NBR15079,NBR 15079
PINTURA,"TINTA ACRILICA FOSCO SW7017 CINZA DORICO 3,2L SHERWIN WILLIAMS NBR15079",NBR 15079
PRE MOLDADOS,"LADRILHO HIDRAULICO 10 FRISOS CONCRETO RAMPA 20X20X1,5 COR PRETO NBR9457",NBR 9457
PRE MOLDADOS,CAIXA DE PASSAGEM 60X60X17CM C/ CAIXILHO E TAMPA CEGA COMUM NBR9062,NBR 9062
PRE MOLDADOS,PROLONGADOR 60X60X20 P/ CAIXA DE PASSAGEM NBR9062,NBR 9062
PRE MOLDADOS,CAIXA SIFONADA GORDURA/ SABÃO 216 L C/ CAIXILHO E TAMPA COMUM NBR 9062,NBR 9062
REVESTIMENTO,"SINTESE PLATINA ST 20X120 NAT RET QTD BEM 585 PISO 696,15 UN",ISO 696
REVESTIMENTO,"SINTESE PLATINA ST 20X120 NAT RET QTD BEM 540 PISO 642,60 UM",ISO 642
REVESTIMENTO,"POSTO 12 120X120 EXT RET 120X120 NAT RET NBR13816, 13817, 13818 15463 E ISO 10545 - 51,66M2",ISO 10545 | NBR 13816
REVESTIMENTO,"OASI PARADISO ST 60X120 NAT RET - NBR 15463 - 102,96M2",NBR 15463
REVESTIMENTO,"ONYX UNIQUE 120X120 NAT RET NBR´S 13816,13817,13818, 15463 E ISO 10545 - 175,07 / POSTO 12 120X120 NAT RET 120X120 NAT R",ISO 10545
REVESTIMENTO,"RV GLACIAL SNOW 33X60 - NBR 13816,13817,13818,15463 ISO10545",ISO 10545 | NBR 13816
REVESTIMENTO,PP PRO CONCRETE AC 60X60 R - NBR 15463,NBR 15463
REVESTIMENTO,PP PROSAND GP 60X60R NBR15463,NBR 15463
REVESTIMENTO,"SAMPA CINZA AC 60 X120 NBR 13816,13817,13818,15463 E ISO 10545",ISO 10545 | NBR 13816
REVESTIMENTO,"KYOTO SHELL AC 60 X 120 NBR 13816, 13817, 13818, 15463 E ISO 10545",ISO 10545 | NBR 13816
SEGURANÇA,CONE DE SINALIZAÇAO PVC LR/BR 75CM NBR15071,NBR 15071
SERVIÇOS,REVISOES 04 E 05 DA NBR 12721,NBR 12721
SERVIÇOS,INDUSTRIALIZAÇÃO NBR7480,NBR 7480
SERVIÇOS,REVISAO 02 DO CALCULO DA NBR12721,NBR 12721
SERVIÇOS,INDUSTRIALIZAÇAO NBR7480 - CORTE E DOBRA,NBR 7480
